Invoice ,Date,Due Date,Reference,Combined,Gross,Balance,Status,Source,Invoice Sent,matches
INV-94134,01 Jan 2024,01 Jan 2024,Alaska Common: Security Camera Monitoring,INV-94134Alaska Common: Security Camera Monitoring,26.23,0,Paid,Receivable Invoice,Sent,
INV-94039,02 Jan 2024,24 Jan 2024,Alaska Common JB: 26747,INV-94039Alaska Common JB: 26747,"1,377.84",0,Paid,Receivable Invoice,Sent,
INV-93628,05 Jan 2024,05 Jan 2024,Alaska 320B JB:28254,INV-93628Alaska 320B JB:28254,62,0,Paid,Receivable Invoice,Sent,
INV-93557,05 Jan 2024,05 Jan 2024,Alaska 100E JB:28305,INV-93557Alaska 100E JB:28305,40.08,0,Paid,Receivable Invoice,Sent,
INV-93590,07 Jan 2024,07 Jan 2024,Alaska Common JB:28322,INV-93590Alaska Common JB:28322,62,0,Paid,Receivable Invoice,Sent,
INV-93599,07 Jan 2024,07 Jan 2024,Alaska common JB:28314,INV-93599Alaska common JB:28314,18.13,0,Paid,Receivable Invoice,Sent,
INV-93668,09 Jan 2024,09 Jan 2024,Alaska 400 JB:28349,INV-93668Alaska 400 JB:28349,31,0,Paid,Receivable Invoice,Sent,
INV-93718,09 Jan 2024,10 Jan 2024,Alaska 312 JB:28348,INV-93718Alaska 312 JB:28348,248,0,Paid,Receivable Invoice,Sent,
INV-93726,09 Jan 2024,09 Jan 2024,Alaska Common JB:28398,INV-93726Alaska Common JB:28398,31,0,Paid,Receivable Invoice,Sent,
INV-93699,09 Jan 2024,09 Jan 2024,Alaska Common JB:28353,INV-93699Alaska Common JB:28353,16.81,0,Paid,Receivable Invoice,Sent,
INV-93673,10 Jan 2024,15 Jan 2024,Alaska 2023 management fees,INV-93673Alaska 2023 management fees,"1,831.55",0,Paid,Receivable Invoice,Sent,
INV-93755,10 Jan 2024,10 Jan 2024,Alaska common JB:28395,INV-93755Alaska common JB:28395,32.31,0,Paid,Receivable Invoice,Sent,
INV-93820,12 Jan 2024,15 Jan 2024,Alaska common JB:28423,INV-93820Alaska common JB:28423,167.04,0,Paid,Receivable Invoice,Sent,
INV-93860,16 Jan 2024,16 Jan 2024,Alaska Common JB:28482,INV-93860Alaska Common JB:28482,62,0,Paid,Receivable Invoice,Sent,
INV-93907,17 Jan 2024,18 Jan 2024,Alaska common JB:28507,INV-93907Alaska common JB:28507,101.92,0,Paid,Receivable Invoice,Sent,
INV-93969,24 Jan 2024,24 Jan 2024,Alaska 400 JB:28546,INV-93969Alaska 400 JB:28546,31,0,Paid,Receivable Invoice,Sent,
INV-94094,24 Jan 2024,29 Jan 2024,Alaska 450 JB:28543,INV-94094Alaska 450 JB:28543,124,0,Paid,Receivable Invoice,Sent,
INV-94093,25 Jan 2024,29 Jan 2024,Alaska 450 JB:28547,INV-94093Alaska 450 JB:28547,190.9,0,Paid,Receivable Invoice,Sent,
INV-94030,26 Jan 2024,26 Jan 2024,Alaska Common JB:28624,INV-94030Alaska Common JB:28624,46.5,0,Paid,Receivable Invoice,Sent,
INV-94089,29 Jan 2024,29 Jan 2024,Alaska 480 JB:28633,INV-94089Alaska 480 JB:28633,325.5,0,Paid,Receivable Invoice,Sent,
INV-94292,31 Jan 2024,31 Jan 2024,Alaska Common: Verizon Elevator Phone  01.10.2024 - 02.09.2024,INV-94292Alaska Common: Verizon Elevator Phone  01.10.2024 - 02.09.2024,25.47,0,Paid,Receivable Invoice,Sent,
INV-94201,02 Feb 2024,02 Feb 2024,Alaska Common JB:28680,INV-94201Alaska Common JB:28680,543.31,0,Paid,Receivable Invoice,Sent,
INV-94168,10 Feb 2024,10 Feb 2024,Alaska Common JB:28737,INV-94168Alaska Common JB:28737,77.5,0,Paid,Receivable Invoice,Sent,
INV-94162,10 Feb 2024,15 Feb 2024,Alaska 2024 management fees,INV-94162Alaska 2024 management fees,"1,986.00",0,Paid,Receivable Invoice,Sent,
INV-94279,13 Feb 2024,14 Feb 2024,Alaska Common JB:28749,INV-94279Alaska Common JB:28749,375.39,0,Paid,Receivable Invoice,Sent,
INV-96463,14 Feb 2024,08 Aug 2024,Alaska Common JB:28757,INV-96463Alaska Common JB:28757,"2,077.08",0,Paid,Receivable Invoice,Sent,
INV-95201,15 Feb 2024,23 Apr 2024,Alaska Common JB:28771,INV-95201Alaska Common JB:28771,357.9,0,Paid,Receivable Invoice,Sent,
INV-94334,16 Feb 2024,16 Feb 2024,Alaska 400 JB:28759,INV-94334Alaska 400 JB:28759,350.46,0,Paid,Receivable Invoice,Sent,
INV-94252,16 Feb 2024,16 Feb 2024,Alaska common JB:28792,INV-94252Alaska common JB:28792,171.72,0,Paid,Receivable Invoice,Sent,
INV-94314,21 Feb 2024,21 Feb 2024,Alaska 480 JB:28842,INV-94314Alaska 480 JB:28842,67.25,0,Paid,Receivable Invoice,Sent,
INV-94299,28 Feb 2024,28 Feb 2024,Alaska Common: Verizon Elevator Phone  02.10.2024 - 03.09.2024,INV-94299Alaska Common: Verizon Elevator Phone  02.10.2024 - 03.09.2024,25.47,0,Paid,Receivable Invoice,Sent,
INV-94511,04 Mar 2024,06 Mar 2024,Alaska common JB:28970,INV-94511Alaska common JB:28970,92.05,0,Paid,Receivable Invoice,Sent,
INV-95544,07 Mar 2024,17 May 2024,Alaska Common JB:28215,INV-95544Alaska Common JB:28215,"2,124.58",0,Paid,Receivable Invoice,Sent,
INV-94567,10 Mar 2024,15 Mar 2024,Alaska 2024 management fees,INV-94567Alaska 2024 management fees,"1,986.00",0,Paid,Receivable Invoice,Sent,Alaska 2024 Management Fee INV-94567
INV-94732,18 Mar 2024,19 Mar 2024,Alaska 270 JB:29097,INV-94732Alaska 270 JB:29097,117.46,0,Paid,Receivable Invoice,Sent,
INV-94755,21 Mar 2024,21 Mar 2024,Alaska 100G JB:29132,INV-94755Alaska 100G JB:29132,26.54,0,Paid,Receivable Invoice,Sent,
INV-94754,21 Mar 2024,21 Mar 2024,Alaska 100H JB:29133,INV-94754Alaska 100H JB:29133,26.54,0,Paid,Receivable Invoice,Sent,
INV-97439,25 Mar 2024,06 Nov 2024,Alaska Common Tradify JB:28235,INV-97439Alaska Common Tradify JB:28235,"3,296.33",0,Paid,Receivable Invoice,Not sent,
INV-94823,27 Mar 2024,27 Mar 2024,Alaska 100H JB:29160,INV-94823Alaska 100H JB:29160,36.88,0,Paid,Receivable Invoice,Sent,
INV-95090,31 Mar 2024,31 Mar 2024,Alaska Common: Verizon Elevator Phone  03.10.2024 - 04.09.2024,INV-95090Alaska Common: Verizon Elevator Phone  03.10.2024 - 04.09.2024,25.47,0,Paid,Receivable Invoice,Sent,
INV-95362,01 Apr 2024,01 Apr 2024,Alaska Common: True-up 1st QTR 2024 management fees,INV-95362Alaska Common: True-up 1st QTR 2024 management fees,380.46,0,Paid,Receivable Invoice,Sent,Alaska Common: True-up 1st QTR 2024 management fees INV-95362
INV-94894,01 Apr 2024,05 Jun 2024,Alaska Common JB:28235,INV-94894Alaska Common JB:28235,"2,305.46",0,Paid,Receivable Invoice,Not sent,
INV-94980,10 Apr 2024,15 Apr 2024,Alaska 2024 management fees,INV-94980Alaska 2024 management fees,"1,986.00",0,Paid,Receivable Invoice,Sent,
INV-95044,12 Apr 2024,12 Apr 2024,Alaska 270 JB:29293,INV-95044Alaska 270 JB:29293,31,0,Paid,Receivable Invoice,Sent,
INV-95096,30 Apr 2024,30 Apr 2024,Alaska Common: Verizon Elevator Phone  04.10.2024 - 05.09.2024,INV-95096Alaska Common: Verizon Elevator Phone  04.10.2024 - 05.09.2024,25.33,0,Paid,Receivable Invoice,Sent,
INV-95516,08 May 2024,08 May 2024,Alaska 100G JB:28220,INV-95516Alaska 100G JB:28220,46.5,0,Paid,Receivable Invoice,Sent,
INV-95502,09 May 2024,20 May 2024,Alaska Common JB:29484,INV-95502Alaska Common JB:29484,86.21,0,Paid,Receivable Invoice,Sent,
INV-95361,10 May 2024,15 May 2024,Alaska 2024 management fees,INV-95361Alaska 2024 management fees,"2,112.82",0,Paid,Receivable Invoice,Sent,Alaska 2024 Managment FeesINV-95361
INV-95595,22 May 2024,22 May 2024,Alaska 270 JB:29612,INV-95595Alaska 270 JB:29612,356.5,0,Paid,Receivable Invoice,Sent,
INV-95546,22 May 2024,22 May 2024,Alaska 430 JB:29621,INV-95546Alaska 430 JB:29621,89.8,0,Paid,Receivable Invoice,Sent,
INV-95589,23 May 2024,23 May 2024,Alaska 440 JB:29632 (Andrew) ceiling tiles,INV-95589Alaska 440 JB:29632 (Andrew) ceiling tiles,124,0,Paid,Receivable Invoice,Not sent,
INV-95773,29 May 2024,29 May 2024,Alaska Common,INV-95773Alaska Common,13.93,0,Paid,Receivable Invoice,Sent,
INV-95904,30 May 2024,30 May 2024,Alaska Common: Verizon Elevator Phone  05.10.2024 - 06.09.2024,INV-95904Alaska Common: Verizon Elevator Phone  05.10.2024 - 06.09.2024,25.33,0,Paid,Receivable Invoice,Sent,
INV-95712,03 Jun 2024,04 Jun 2024,Alaska 100I JB:29706,INV-95712Alaska 100I JB:29706,78.21,0,Paid,Receivable Invoice,Sent,
INV-95663,04 Jun 2024,05 Apr 2024,Alaska Common JB: 28768,INV-95663Alaska Common JB: 28768,"1,777.25",0,Paid,Receivable Invoice,Sent,
INV-95766,10 Jun 2024,15 Jun 2024,Alaska 2024 management fees,INV-95766Alaska 2024 management fees,"2,112.82",0,Paid,Receivable Invoice,Sent,
INV-95790,10 Jun 2024,11 Jun 2024,Alaska 312 JB:29798,INV-95790Alaska 312 JB:29798,62,0,Paid,Receivable Invoice,Sent,
INV-95860,18 Jun 2024,18 Jun 2024,Alaska 10 JB:29869,INV-95860Alaska 10 JB:29869,31,0,Paid,Receivable Invoice,Sent,
INV-95852,20 Jun 2024,20 Jun 2024,Alaska Common JB:29908,INV-95852Alaska Common JB:29908,155.18,0,Paid,Receivable Invoice,Sent,
INV-98540,22 Jun 2024,22 Jun 2024,Alaska Common: Tradify JB29927,INV-98540Alaska Common: Tradify JB29927,93,0,Paid,Receivable Invoice,Not sent,
INV-96306,26 Jun 2024,03 Jul 2024,Alaska Common JB:29965,INV-96306Alaska Common JB:29965,422.23,0,Paid,Receivable Invoice,Sent,
INV-95981,26 Jun 2024,27 Jun 2024,Alaska 460 JB:29967,INV-95981Alaska 460 JB:29967,62,0,Paid,Receivable Invoice,Sent,
INV-96382,30 Jun 2024,30 Jun 2024,Alaska Common: Verizon Elevator Phone  06.10.2024 - 07.09.2024,INV-96382Alaska Common: Verizon Elevator Phone  06.10.2024 - 07.09.2024,25.38,0,Paid,Receivable Invoice,Sent,
INV-95973,01 Jul 2024,01 Jul 2024,Alaska 40 JB:29983,INV-95973Alaska 40 JB:29983,32.96,0,Paid,Receivable Invoice,Sent,
INV-96081,01 Jul 2024,01 Jul 2024,Alaska Common JB:30009,INV-96081Alaska Common JB:30009,31,0,Paid,Receivable Invoice,Sent,
INV-96148,10 Jul 2024,10 Jul 2024,Alaska 10 JB:30105,INV-96148Alaska 10 JB:30105,65.92,0,Paid,Receivable Invoice,Sent,
INV-96121,10 Jul 2024,15 Jul 2024,Alaska 2024 management fees,INV-96121Alaska 2024 management fees,"2,112.82",0,Paid,Receivable Invoice,Sent,
INV-96253,13 Jul 2024,15 Jul 2024,Alaska Common Tradify JB:30183,INV-96253Alaska Common Tradify JB:30183,334.96,0,Paid,Receivable Invoice,Sent,
INV-96201,17 Jul 2024,17 Jul 2024,Alaska 460 JB:30224,INV-96201Alaska 460 JB:30224,62,0,Paid,Receivable Invoice,Sent,
INV-98539,23 Jul 2024,30 Jul 2024,Alaska 440 Tradify JB30287,INV-98539Alaska 440 Tradify JB30287,108.5,0,Paid,Receivable Invoice,Not sent,
INV-96331,26 Jul 2024,26 Jul 2024,Alaska 312 JB:30319,INV-96331Alaska 312 JB:30319,31,0,Paid,Receivable Invoice,Sent,
INV-96388,31 Jul 2024,31 Jul 2024,Alaska Common: Verizon Elevator Phone  07.10.2024 - 08.09.2024,INV-96388Alaska Common: Verizon Elevator Phone  07.10.2024 - 08.09.2024,25.53,0,Paid,Receivable Invoice,Sent,
INV-96448,02 Aug 2024,02 Aug 2024,Alaska Common JB:30274,INV-96448Alaska Common JB:30274,25.84,0,Paid,Receivable Invoice,Sent,
INV-96458,05 Aug 2024,05 Aug 2024,Alaska Common - Janitorial,INV-96458Alaska Common - Janitorial,"3,335.65",0,Paid,Receivable Invoice,Sent,
INV-96496,08 Aug 2024,08 Aug 2024,Alaska: July 2024 management fees,INV-96496Alaska: July 2024 management fees,"2,112.82",0,Paid,Receivable Invoice,Sent,
INV-98538,08 Aug 2024,08 Aug 2024,Alaska 312: Tradify JB30420,INV-98538Alaska 312: Tradify JB30420,124,0,Paid,Receivable Invoice,Not sent,
INV-97536,09 Aug 2024,05 Dec 2024,Alaska Common Tradify JB:28230,INV-97536Alaska Common Tradify JB:28230,"1,482.83",0,Paid,Receivable Invoice,Not sent,
INV-97012,12 Aug 2024,12 Aug 2024,Alaska 312,INV-97012Alaska 312,324.95,0,Paid,Receivable Invoice,Sent,
INV-98537,12 Aug 2024,12 Aug 2024,Alaska 311: Tradify JB30463,INV-98537Alaska 311: Tradify JB30463,31,0,Paid,Receivable Invoice,Not sent,
INV-96675,17 Aug 2024,17 Aug 2024,Alaska Common Tradify JB:30518,INV-96675Alaska Common Tradify JB:30518,46.5,0,Paid,Receivable Invoice,Sent,
INV-96596,22 Aug 2024,26 Aug 2024,Alaska 200 Tradify JB:30578,INV-96596Alaska 200 Tradify JB:30578,170.5,0,Paid,Receivable Invoice,Not sent,
INV-96591,24 Aug 2024,25 Aug 2024,Alaska Common Tradify JB:30585,INV-96591Alaska Common Tradify JB:30585,62,0,Paid,Receivable Invoice,Sent,
INV-96598,28 Aug 2024,28 Aug 2024,Alaska 100B Tradify JB:30610,INV-96598Alaska 100B Tradify JB:30610,36.85,0,Paid,Receivable Invoice,Sent,
INV-96599,28 Aug 2024,28 Aug 2024,Alaska 100L Tradify JB:30606,INV-96599Alaska 100L Tradify JB:30606,38.8,0,Paid,Receivable Invoice,Sent,
INV-96755,28 Aug 2024,28 Aug 2024,Alaska Common,INV-96755Alaska Common,"3,481.80",0,Paid,Receivable Invoice,Sent,
INV-96761,31 Aug 2024,31 Aug 2024,Alaska Common: Verizon Elevator Phone  08.10.2024 - 09.09.2024,INV-96761Alaska Common: Verizon Elevator Phone  08.10.2024 - 09.09.2024,25.53,0,Paid,Receivable Invoice,Sent,
INV-98535,03 Sep 2024,03 Sep 2024,Alaska Common  Tradify JB30626,INV-98535Alaska Common  Tradify JB30626,31,0,Paid,Receivable Invoice,Not sent,
INV-98536,04 Sep 2024,02 Oct 2024,Alaska 400: Tradify JB30625,INV-98536Alaska 400: Tradify JB30625,124,0,Paid,Receivable Invoice,Not sent,
INV-98534,06 Sep 2024,06 Sep 2024,Alaska Common Tradify JB30679,INV-98534Alaska Common Tradify JB30679,144.66,0,Paid,Receivable Invoice,Not sent,
INV-98533,07 Sep 2024,08 Sep 2024,Alaska Common: Tradify JB30720,INV-98533Alaska Common: Tradify JB30720,93,0,Paid,Receivable Invoice,Not sent,
INV-96744,10 Sep 2024,15 Sep 2024,Alaska 2024 management fees,INV-96744Alaska 2024 management fees,"2,112.82",0,Paid,Receivable Invoice,Sent,
INV-98532,12 Sep 2024,12 Sep 2024,Alaska Common: Tradify JB30737,INV-98532Alaska Common: Tradify JB30737,46.5,0,Paid,Receivable Invoice,Not sent,
INV-98531,14 Sep 2024,15 Sep 2024,Alaska Common: Tradify JB30743,INV-98531Alaska Common: Tradify JB30743,93,0,Paid,Receivable Invoice,Not sent,
INV-98530,21 Sep 2024,21 Sep 2024,Alaska Common: Tradify JB30832,INV-98530Alaska Common: Tradify JB30832,62,0,Paid,Receivable Invoice,Not sent,
INV-97116,30 Sep 2024,30 Sep 2024,Alaska Common: Verizon Elevator Phone  09.10.2024 - 10.09.2024,INV-97116Alaska Common: Verizon Elevator Phone  09.10.2024 - 10.09.2024,25.56,0,Paid,Receivable Invoice,Sent,
INV-98529,30 Sep 2024,03 Oct 2024,Alaska 440B: Tradify JB30841,INV-98529Alaska 440B: Tradify JB30841,77.5,0,Paid,Receivable Invoice,Not sent,
INV-96975,01 Oct 2024,01 Oct 2024,Alaska Common,INV-96975Alaska Common,"4,790.00",0,Paid,Receivable Invoice,Sent,
INV-98958,01 Oct 2024,10 Oct 2024,Alaska Center Annual Office Supplies,INV-98958Alaska Center Annual Office Supplies,196.08,0,Paid,Receivable Invoice,Sent,
INV-98528,04 Oct 2024,04 Oct 2024,Alaska Common: Tradify JB30931,INV-98528Alaska Common: Tradify JB30931,31,0,Paid,Receivable Invoice,Not sent,
INV-98527,05 Oct 2024,06 Oct 2024,Alaska Common: Tradify JB30935,INV-98527Alaska Common: Tradify JB30935,124,0,Paid,Receivable Invoice,Not sent,
INV-97121,10 Oct 2024,10 Oct 2024,Alaska Common: Chlorine,INV-97121Alaska Common: Chlorine,92.09,92.09,Draft,Receivable Invoice,Not sent,
INV-97001,10 Oct 2024,15 Oct 2024,Alaska 2024 Sept. management fees,INV-97001Alaska 2024 Sept. management fees,"2,112.82",0,Paid,Receivable Invoice,Sent,
INV-98526,10 Oct 2024,10 Oct 2024,Alaska Common: Tradify JB30969,INV-98526Alaska Common: Tradify JB30969,31,0,Paid,Receivable Invoice,Not sent,
INV-98523,14 Oct 2024,14 Oct 2024,Alaska Common Tradify JB30983,INV-98523Alaska Common Tradify JB30983,62,0,Paid,Receivable Invoice,Not sent,
INV-98525,16 Oct 2024,20 Nov 2024,Alaska Common: Tradify JB30976,INV-98525Alaska Common: Tradify JB30976,"7,393.50",0,Paid,Receivable Invoice,Not sent,
INV-97234,17 Oct 2024,19 Nov 2024,Alaska Common: Repairs (Sonny),INV-97234Alaska Common: Repairs (Sonny),"1,042.71","1,042.71",Draft,Receivable Invoice,Not sent,
INV-97989,18 Oct 2024,18 Oct 2024,Alaska Common (Nationwide Elevator),INV-97989Alaska Common (Nationwide Elevator),"6,222.66",0,Paid,Receivable Invoice,Sent,
INV-98522,24 Oct 2024,24 Oct 2024,Alaska Common: Tradify JB31073,INV-98522Alaska Common: Tradify JB31073,46.5,0,Paid,Receivable Invoice,Not sent,
INV-98492,30 Oct 2024,31 Oct 2024,Alaska Common: Tradify JB31150,INV-98492Alaska Common: Tradify JB31150,93,0,Paid,Receivable Invoice,Not sent,
INV-97593,31 Oct 2024,31 Oct 2024,Alaska Common: Verizon Elevator Phone  10.10.2024 - 11.09.2024,INV-97593Alaska Common: Verizon Elevator Phone  10.10.2024 - 11.09.2024,25.65,0,Paid,Receivable Invoice,Sent,
INV-98490,06 Nov 2024,07 Nov 2024,Alaska Common: Tradify JB31207,INV-98490Alaska Common: Tradify JB31207,93,0,Paid,Receivable Invoice,Not sent,
INV-97602,07 Nov 2024,19 Nov 2024,Alaska Common: Door Locks (Mike/Jasen T.),INV-97602Alaska Common: Door Locks (Mike/Jasen T.),"2,121.03","2,121.03",Draft,Receivable Invoice,Not sent,
INV-98489,09 Nov 2024,10 Nov 2024,Alaska Common: Tradify JB31298,INV-98489Alaska Common: Tradify JB31298,77.5,0,Paid,Receivable Invoice,Not sent,
INV-97260,10 Nov 2024,15 Nov 2024,Alaska 2024 Oct. management fees,INV-97260Alaska 2024 Oct. management fees,"2,112.82",0,Paid,Receivable Invoice,Sent,
INV-98488,13 Nov 2024,13 Nov 2024,Alaska Common: Tradify JB31316,INV-98488Alaska Common: Tradify JB31316,20.66,0,Paid,Receivable Invoice,Not sent,
INV-97684,14 Nov 2024,14 Nov 2024,Alaska Common: Dump Fee,INV-97684Alaska Common: Dump Fee,29.44,29.44,Draft,Receivable Invoice,Not sent,
INV-97392,20 Nov 2024,20 Nov 2024,Alaska Common: (JASEN),INV-97392Alaska Common: (JASEN),63.7,63.7,Draft,Receivable Invoice,Not sent,
INV-97403,20 Nov 2024,20 Nov 2024,Alaska Common: (LIO),INV-97403Alaska Common: (LIO),131.94,131.94,Draft,Receivable Invoice,Not sent,
INV-98486,20 Nov 2024,20 Nov 2024,Alaska Common: Tradify JB31395,INV-98486Alaska Common: Tradify JB31395,124,0,Paid,Receivable Invoice,Not sent,
INV-98485,22 Nov 2024,03 Jan 2025,Alaska Common: Tradify JB31408,INV-98485Alaska Common: Tradify JB31408,852.5,0,Paid,Receivable Invoice,Not sent,
INV-97599,30 Nov 2024,30 Nov 2024,Alaska Common: Verizon Elevator Phone  11.10.2024 - 12.09.2024,INV-97599Alaska Common: Verizon Elevator Phone  11.10.2024 - 12.09.2024,25.65,0,Paid,Receivable Invoice,Sent,
INV-97559,03 Dec 2024,03 Dec 2024,Alaska 104: Rekey,INV-97559Alaska 104: Rekey,46.5,46.5,Draft,Receivable Invoice,Not sent,
INV-98484,03 Dec 2024,03 Dec 2024,Alaska 100: Tradify JB31464,INV-98484Alaska 100: Tradify JB31464,108.5,0,Paid,Receivable Invoice,Not sent,
INV-98483,03 Dec 2024,06 Dec 2024,alaska 104: Tradify JB31471,INV-98483alaska 104: Tradify JB31471,356.5,0,Paid,Receivable Invoice,Not sent,
INV-98482,04 Dec 2024,09 Dec 2024,Alaska Common: Tradify JB31484,INV-98482Alaska Common: Tradify JB31484,976.5,0,Paid,Receivable Invoice,Sent,
INV-98495,05 Dec 2024,05 Dec 2024,Alaska 440: Tradify JB31074,INV-98495Alaska 440: Tradify JB31074,31,0,Paid,Receivable Invoice,Not sent,
INV-97585,06 Dec 2024,10 Dec 2024,Alaska 104: JB31148 (jasen),INV-97585Alaska 104: JB31148 (jasen),638.43,0,Paid,Receivable Invoice,Not sent,"Alaska 104: JB31148, Alaska 104: JB31148"
INV-98569,09 Dec 2024,05 Feb 2025,Alaska Common: Tradify JB31529,INV-98569Alaska Common: Tradify JB31529,465,0,Paid,Receivable Invoice,Not sent,
INV-98494,09 Dec 2024,13 Jan 2025,Alaska 104 Tradify JB31148,INV-98494Alaska 104 Tradify JB31148,"1,766.54",0,Paid,Receivable Invoice,Not sent,
INV-97574,10 Dec 2024,15 Dec 2024,Alaska 2024 Nov. management fees,INV-97574Alaska 2024 Nov. management fees,"2,112.00",0,Paid,Receivable Invoice,Sent,
INV-98480,18 Dec 2024,20 Dec 2024,alaska common: Tradify JB31616,INV-98480alaska common: Tradify JB31616,403,0,Paid,Receivable Invoice,Not sent,
INV-98481,18 Dec 2024,18 Dec 2024,Alaska Common: Tradify JB31615,INV-98481Alaska Common: Tradify JB31615,186,0,Paid,Receivable Invoice,Not sent,
INV-98477,18 Dec 2024,18 Dec 2024,Alaska 270: Tradify JB31620,INV-98477Alaska 270: Tradify JB31620,31,0,Paid,Receivable Invoice,Not sent,
INV-98478,18 Dec 2024,18 Dec 2024,Alaska Common: Tradify JB31619,INV-98478Alaska Common: Tradify JB31619,62,0,Paid,Receivable Invoice,Not sent,
INV-97690,23 Dec 2024,23 Dec 2024,Alaska Common - Janitorial,INV-97690Alaska Common - Janitorial,"1,665.44",0,Paid,Receivable Invoice,Sent,
INV-98575,24 Dec 2024,30 Jan 2025,Alaska 101: Tradify JB31642,INV-98575Alaska 101: Tradify JB31642,46.5,0,Paid,Receivable Invoice,Not sent,
INV-98995,30 Dec 2024,30 Dec 2024,Alaska Common: Verizon Elevator Phone  12.10.2024 - 01.09.2025,INV-98995Alaska Common: Verizon Elevator Phone  12.10.2024 - 01.09.2025,25.65,0,Paid,Receivable Invoice,Sent,
INV-97846,31 Dec 2024,31 Dec 2024,Alaska Common - Janitorial,INV-97846Alaska Common - Janitorial,305.76,0,Paid,Receivable Invoice,Sent,
INV-98491,31 Dec 2024,31 Dec 2024,Alaska Common: Tradify JB31165,INV-98491Alaska Common: Tradify JB31165,31,0,Paid,Receivable Invoice,Not sent,
INV-98476,02 Jan 2025,02 Jan 2025,Alaska Common: Tradify JB31716,INV-98476Alaska Common: Tradify JB31716,15.5,0,Paid,Receivable Invoice,Not sent,
INV-98475,03 Jan 2025,03 Jan 2025,Alaska Common: Tradify JB31729,INV-98475Alaska Common: Tradify JB31729,31,0,Paid,Receivable Invoice,Not sent,
INV-98474,06 Jan 2025,06 Jan 2025,Alaska Center 101: Tradify JB31761,INV-98474Alaska Center 101: Tradify JB31761,62,0,Paid,Receivable Invoice,Not sent,
INV-98472,08 Jan 2025,08 Jan 2025,Alaska 312: Tradify JB31787,INV-98472Alaska 312: Tradify JB31787,62,0,Paid,Receivable Invoice,Not sent,
INV-98473,08 Jan 2025,08 Jan 2025,Alaska 270: Tradify JB31776,INV-98473Alaska 270: Tradify JB31776,82.66,0,Paid,Receivable Invoice,Not sent,
INV-97809,10 Jan 2025,15 Jan 2025,Alaska 2024 Dec. management fees,INV-97809Alaska 2024 Dec. management fees,"2,112.00",0,Paid,Receivable Invoice,Sent,
INV-98792,10 Jan 2025,10 Jan 2025,Alaska Common (Outside Vendor),INV-98792Alaska Common (Outside Vendor),299.57,0,Paid,Receivable Invoice,Sent,
INV-98990,10 Jan 2025,10 Jan 2025,Alaska Common,INV-98990Alaska Common,311.62,0,Paid,Receivable Invoice,Sent,
INV-98989,10 Jan 2025,10 Jan 2025,Alaska Common,INV-98989Alaska Common,127.14,0,Paid,Receivable Invoice,Sent,
INV-98471,18 Jan 2025,18 Jan 2025,Alaska Common: Tradify JB31870,INV-98471Alaska Common: Tradify JB31870,62,0,Paid,Receivable Invoice,Not sent,
INV-98470,21 Jan 2025,21 Jan 2025,Alaska 440: Tradify JB31907,INV-98470Alaska 440: Tradify JB31907,31,0,Paid,Receivable Invoice,Not sent,
INV-99063,23 Jan 2025,23 Jan 2025,Alaska 104 JB:31923,INV-99063Alaska 104 JB:31923,"1,118.64",0,Paid,Receivable Invoice,Not sent,
INV-98469,24 Jan 2025,28 Jan 2025,Alaska 250: Tradify JB31934,INV-98469Alaska 250: Tradify JB31934,98.17,0,Paid,Receivable Invoice,Not sent,
INV-98468,27 Jan 2025,27 Jan 2025,alaska common: Tradify JB31957,INV-98468alaska common: Tradify JB31957,15.5,0,Paid,Receivable Invoice,Not sent,
INV-98479,27 Jan 2025,27 Jan 2025,Alaska Common: Tradify JB31617,INV-98479Alaska Common: Tradify JB31617,31,0,Paid,Receivable Invoice,Not sent,
INV-99001,30 Jan 2025,30 Jan 2025,Alaska Common: Verizon Elevator Phone  01.10.2025 - 02.09.2025,INV-99001Alaska Common: Verizon Elevator Phone  01.10.2025 - 02.09.2025,27.42,0,Paid,Receivable Invoice,Sent,
INV-99070,04 Feb 2025,04 Feb 2025,Alaska Common: Router (Amazon),INV-99070Alaska Common: Router (Amazon),90.99,90.99,Draft,Receivable Invoice,Not sent,
INV-98655,04 Feb 2025,04 Feb 2025,Alaska Common: Meter (Mike T.),INV-98655Alaska Common: Meter (Mike T.),147.44,147.44,Draft,Receivable Invoice,Not sent,
INV-98420,10 Feb 2025,15 Feb 2025,Alaska Jan. 2025 management fees,INV-98420Alaska Jan. 2025 management fees,"2,112.00",0,Paid,Receivable Invoice,Sent,
INV-98487,12 Feb 2025,12 Feb 2025,Alaska Common: Tradify JB31344,INV-98487Alaska Common: Tradify JB31344,15.5,0,Paid,Receivable Invoice,Not sent,
INV-98652,13 Feb 2025,21 Feb 2025,Alaska 104: Meter (Mike T.),INV-98652Alaska 104: Meter (Mike T.),200.49,200.49,Draft,Receivable Invoice,Not sent,
INV-98651,13 Feb 2025,13 Feb 2025,Alaska 108: Meter (Mike T.),INV-98651Alaska 108: Meter (Mike T.),200.49,200.49,Draft,Receivable Invoice,Not sent,
INV-99019,10 Mar 2025,15 Mar 2025,Alaska Feb. 2025 management fees,INV-99019Alaska Feb. 2025 management fees,"2,112.00",0,Paid,Receivable Invoice,Sent,
INV-98399,02 Apr 2025,03 Apr 2025,Alaska Maintenance Invoices: 4/3 Transfer,INV-98399Alaska Maintenance Invoices: 4/3 Transfer,"13,112.38",0,Paid,Receivable Invoice,Not sent,
INV-99213,10 Apr 2025,15 Apr 2025,Alaska 2024 March management fees,INV-99213Alaska 2024 March management fees,"2,112.00",0,Paid,Receivable Invoice,Sent,
INV-99262,10 Apr 2025,10 Apr 2025,Alaska Maintenance Invoices: 4/10 Transfer,INV-99262Alaska Maintenance Invoices: 4/10 Transfer,"5,010.84",0,Paid,Receivable Invoice,Not sent,
INV-99342,09 May 2025,09 May 2025,Alaska Common: Duplicated Invoices,INV-99342Alaska Common: Duplicated Invoices,"5,750.44",0,Paid,Receivable Invoice,Not sent,
CN-99344,09 May 2025,09 May 2025,Alaska Common: Duplicated Invoices,CN-99344Alaska Common: Duplicated Invoices,"-5,750.44","-5,750.44",Approved,Receivable Credit Note,Not sent,
INV-99341,09 May 2025,09 May 2025,Alaska Maintenance Invoices: 05/09 Transfer,INV-99341Alaska Maintenance Invoices: 05/09 Transfer,651,0,Paid,Receivable Invoice,Not sent,
INV-99316,10 May 2025,15 May 2025,Alaska 2024 management fees,INV-99316Alaska 2024 management fees,"2,233.14","2,233.14",Approved,Receivable Invoice,Not sent,
